sample_id,group,read1,read2
SRR7343688,EarlyOnsetAD,https://ftp.sra.ebi.ac.uk/vol1/fastq/SRR734/008/SRR7343688/SRR7343688_1.fastq.gz,https://ftp.sra.ebi.ac.uk/vol1/fastq/SRR734/008/SRR7343688/SRR7343688_2.fastq.gz
SRR7343689,EarlyOnsetAD,https://ftp.sra.ebi.ac.uk/vol1/fastq/SRR734/009/SRR7343689/SRR7343689_1.fastq.gz,https://ftp.sra.ebi.ac.uk/vol1/fastq/SRR734/009/SRR7343689/SRR7343689_2.fastq.gz
SRR7343691,LateOnsetAD,https://ftp.sra.ebi.ac.uk/vol1/fastq/SRR734/001/SRR7343691/SRR7343691_1.fastq.gz,https://ftp.sra.ebi.ac.uk/vol1/fastq/SRR734/001/SRR7343691/SRR7343691_2.fastq.gz
SRR7343692,LateOnsetAD,https://ftp.sra.ebi.ac.uk/vol1/fastq/SRR734/002/SRR7343692/SRR7343692_1.fastq.gz,https://ftp.sra.ebi.ac.uk/vol1/fastq/SRR734/002/SRR7343692/SRR7343692_2.fastq.gz
SRR7343693,EarlyOnsetAD,https://ftp.sra.ebi.ac.uk/vol1/fastq/SRR734/003/SRR7343693/SRR7343693_1.fastq.gz,https://ftp.sra.ebi.ac.uk/vol1/fastq/SRR734/003/SRR7343693/SRR7343693_2.fastq.gz
SRR7343694,EarlyOnsetAD,https://ftp.sra.ebi.ac.uk/vol1/fastq/SRR734/004/SRR7343694/SRR7343694_1.fastq.gz,https://ftp.sra.ebi.ac.uk/vol1/fastq/SRR734/004/SRR7343694/SRR7343694_2.fastq.gz
SRR7343695,WT,https://ftp.sra.ebi.ac.uk/vol1/fastq/SRR734/005/SRR7343695/SRR7343695_1.fastq.gz,https://ftp.sra.ebi.ac.uk/vol1/fastq/SRR734/005/SRR7343695/SRR7343695_2.fastq.gz
SRR7343696,WT,https://ftp.sra.ebi.ac.uk/vol1/fastq/SRR734/006/SRR7343696/SRR7343696_1.fastq.gz,https://ftp.sra.ebi.ac.uk/vol1/fastq/SRR734/006/SRR7343696/SRR7343696_2.fastq.gz
SRR7343697,LateOnsetAD,https://ftp.sra.ebi.ac.uk/vol1/fastq/SRR734/007/SRR7343697/SRR7343697_1.fastq.gz,https://ftp.sra.ebi.ac.uk/vol1/fastq/SRR734/007/SRR7343697/SRR7343697_2.fastq.gz
SRR7343698,LateOnsetAD,https://ftp.sra.ebi.ac.uk/vol1/fastq/SRR734/008/SRR7343698/SRR7343698_1.fastq.gz,https://ftp.sra.ebi.ac.uk/vol1/fastq/SRR734/008/SRR7343698/SRR7343698_2.fastq.gz
SRR7343699,WT,https://ftp.sra.ebi.ac.uk/vol1/fastq/SRR734/009/SRR7343699/SRR7343699_1.fastq.gz,https://ftp.sra.ebi.ac.uk/vol1/fastq/SRR734/009/SRR7343699/SRR7343699_2.fastq.gz
SRR7343700,WT,https://ftp.sra.ebi.ac.uk/vol1/fastq/SRR734/000/SRR7343700/SRR7343700_1.fastq.gz,https://ftp.sra.ebi.ac.uk/vol1/fastq/SRR734/000/SRR7343700/SRR7343700_2.fastq.gz
SRR7343701,WT,https://ftp.sra.ebi.ac.uk/vol1/fastq/SRR734/001/SRR7343701/SRR7343701_1.fastq.gz,https://ftp.sra.ebi.ac.uk/vol1/fastq/SRR734/001/SRR7343701/SRR7343701_2.fastq.gz
SRR7343702,LateOnsetAD,https://ftp.sra.ebi.ac.uk/vol1/fastq/SRR734/002/SRR7343702/SRR7343702_1.fastq.gz,https://ftp.sra.ebi.ac.uk/vol1/fastq/SRR734/002/SRR7343702/SRR7343702_2.fastq.gz
SRR7343703,LateOnsetAD,https://ftp.sra.ebi.ac.uk/vol1/fastq/SRR734/003/SRR7343703/SRR7343703_1.fastq.gz,https://ftp.sra.ebi.ac.uk/vol1/fastq/SRR734/003/SRR7343703/SRR7343703_2.fastq.gz
SRR7343704,WT,https://ftp.sra.ebi.ac.uk/vol1/fastq/SRR734/004/SRR7343704/SRR7343704_1.fastq.gz,https://ftp.sra.ebi.ac.uk/vol1/fastq/SRR734/004/SRR7343704/SRR7343704_2.fastq.gz
SRR7343705,EarlyOnsetAD,https://ftp.sra.ebi.ac.uk/vol1/fastq/SRR734/005/SRR7343705/SRR7343705_1.fastq.gz,https://ftp.sra.ebi.ac.uk/vol1/fastq/SRR734/005/SRR7343705/SRR7343705_2.fastq.gz
SRR7343706,EarlyOnsetAD,https://ftp.sra.ebi.ac.uk/vol1/fastq/SRR734/006/SRR7343706/SRR7343706_1.fastq.gz,https://ftp.sra.ebi.ac.uk/vol1/fastq/SRR734/006/SRR7343706/SRR7343706_2.fastq.gz
SRR7343708,WT,https://ftp.sra.ebi.ac.uk/vol1/fastq/SRR734/008/SRR7343708/SRR7343708_1.fastq.gz,https://ftp.sra.ebi.ac.uk/vol1/fastq/SRR734/008/SRR7343708/SRR7343708_2.fastq.gz
SRR7343714,LateOnsetAD,https://ftp.sra.ebi.ac.uk/vol1/fastq/SRR734/004/SRR7343714/SRR7343714_1.fastq.gz,https://ftp.sra.ebi.ac.uk/vol1/fastq/SRR734/004/SRR7343714/SRR7343714_2.fastq.gz
SRR7343718,EarlyOnsetAD,https://ftp.sra.ebi.ac.uk/vol1/fastq/SRR734/008/SRR7343718/SRR7343718_1.fastq.gz,https://ftp.sra.ebi.ac.uk/vol1/fastq/SRR734/008/SRR7343718/SRR7343718_2.fastq.gz
SRR7343719,EarlyOnsetAD,https://ftp.sra.ebi.ac.uk/vol1/fastq/SRR734/009/SRR7343719/SRR7343719_1.fastq.gz,https://ftp.sra.ebi.ac.uk/vol1/fastq/SRR734/009/SRR7343719/SRR7343719_2.fastq.gz
SRR7343720,WT,https://ftp.sra.ebi.ac.uk/vol1/fastq/SRR734/000/SRR7343720/SRR7343720_1.fastq.gz,https://ftp.sra.ebi.ac.uk/vol1/fastq/SRR734/000/SRR7343720/SRR7343720_2.fastq.gz
SRR7343721,LateOnsetAD,https://ftp.sra.ebi.ac.uk/vol1/fastq/SRR734/001/SRR7343721/SRR7343721_1.fastq.gz,https://ftp.sra.ebi.ac.uk/vol1/fastq/SRR734/001/SRR7343721/SRR7343721_2.fastq.gz
SRR7343722,EarlyOnsetAD,https://ftp.sra.ebi.ac.uk/vol1/fastq/SRR734/002/SRR7343722/SRR7343722_1.fastq.gz,https://ftp.sra.ebi.ac.uk/vol1/fastq/SRR734/002/SRR7343722/SRR7343722_2.fastq.gz
SRR7343723,WT,https://ftp.sra.ebi.ac.uk/vol1/fastq/SRR734/003/SRR7343723/SRR7343723_1.fastq.gz,https://ftp.sra.ebi.ac.uk/vol1/fastq/SRR734/003/SRR7343723/SRR7343723_2.fastq.gz
SRR7343724,EarlyOnsetAD,https://ftp.sra.ebi.ac.uk/vol1/fastq/SRR734/004/SRR7343724/SRR7343724_1.fastq.gz,https://ftp.sra.ebi.ac.uk/vol1/fastq/SRR734/004/SRR7343724/SRR7343724_2.fastq.gz
SRR7343725,EarlyOnsetAD,https://ftp.sra.ebi.ac.uk/vol1/fastq/SRR734/005/SRR7343725/SRR7343725_1.fastq.gz,https://ftp.sra.ebi.ac.uk/vol1/fastq/SRR734/005/SRR7343725/SRR7343725_2.fastq.gz
SRR7343726,EarlyOnsetAD,https://ftp.sra.ebi.ac.uk/vol1/fastq/SRR734/006/SRR7343726/SRR7343726_1.fastq.gz,https://ftp.sra.ebi.ac.uk/vol1/fastq/SRR734/006/SRR7343726/SRR7343726_2.fastq.gz
SRR7343727,EarlyOnsetAD,https://ftp.sra.ebi.ac.uk/vol1/fastq/SRR734/007/SRR7343727/SRR7343727_1.fastq.gz,https://ftp.sra.ebi.ac.uk/vol1/fastq/SRR734/007/SRR7343727/SRR7343727_2.fastq.gz
SRR7343728,LateOnsetAD,https://ftp.sra.ebi.ac.uk/vol1/fastq/SRR734/008/SRR7343728/SRR7343728_1.fastq.gz,https://ftp.sra.ebi.ac.uk/vol1/fastq/SRR734/008/SRR7343728/SRR7343728_2.fastq.gz
SRR7343729,EarlyOnsetAD,https://ftp.sra.ebi.ac.uk/vol1/fastq/SRR734/009/SRR7343729/SRR7343729_1.fastq.gz,https://ftp.sra.ebi.ac.uk/vol1/fastq/SRR734/009/SRR7343729/SRR7343729_2.fastq.gz
SRR7343730,LateOnsetAD,https://ftp.sra.ebi.ac.uk/vol1/fastq/SRR734/000/SRR7343730/SRR7343730_1.fastq.gz,https://ftp.sra.ebi.ac.uk/vol1/fastq/SRR734/000/SRR7343730/SRR7343730_2.fastq.gz
SRR7343731,LateOnsetAD,https://ftp.sra.ebi.ac.uk/vol1/fastq/SRR734/001/SRR7343731/SRR7343731_1.fastq.gz,https://ftp.sra.ebi.ac.uk/vol1/fastq/SRR734/001/SRR7343731/SRR7343731_2.fastq.gz
SRR7343732,LateOnsetAD,https://ftp.sra.ebi.ac.uk/vol1/fastq/SRR734/002/SRR7343732/SRR7343732_1.fastq.gz,https://ftp.sra.ebi.ac.uk/vol1/fastq/SRR734/002/SRR7343732/SRR7343732_2.fastq.gz
SRR7343733,EarlyOnsetAD,https://ftp.sra.ebi.ac.uk/vol1/fastq/SRR734/003/SRR7343733/SRR7343733_1.fastq.gz,https://ftp.sra.ebi.ac.uk/vol1/fastq/SRR734/003/SRR7343733/SRR7343733_2.fastq.gz
SRR7343734,EarlyOnsetAD,https://ftp.sra.ebi.ac.uk/vol1/fastq/SRR734/004/SRR7343734/SRR7343734_1.fastq.gz,https://ftp.sra.ebi.ac.uk/vol1/fastq/SRR734/004/SRR7343734/SRR7343734_2.fastq.gz
SRR7343735,LateOnsetAD,https://ftp.sra.ebi.ac.uk/vol1/fastq/SRR734/005/SRR7343735/SRR7343735_1.fastq.gz,https://ftp.sra.ebi.ac.uk/vol1/fastq/SRR734/005/SRR7343735/SRR7343735_2.fastq.gz
SRR7343736,LateOnsetAD,https://ftp.sra.ebi.ac.uk/vol1/fastq/SRR734/006/SRR7343736/SRR7343736_1.fastq.gz,https://ftp.sra.ebi.ac.uk/vol1/fastq/SRR734/006/SRR7343736/SRR7343736_2.fastq.gz
SRR7343737,EarlyOnsetAD,https://ftp.sra.ebi.ac.uk/vol1/fastq/SRR734/007/SRR7343737/SRR7343737_1.fastq.gz,https://ftp.sra.ebi.ac.uk/vol1/fastq/SRR734/007/SRR7343737/SRR7343737_2.fastq.gz
SRR7343738,EarlyOnsetAD,https://ftp.sra.ebi.ac.uk/vol1/fastq/SRR734/008/SRR7343738/SRR7343738_1.fastq.gz,https://ftp.sra.ebi.ac.uk/vol1/fastq/SRR734/008/SRR7343738/SRR7343738_2.fastq.gz
SRR7343739,WT,https://ftp.sra.ebi.ac.uk/vol1/fastq/SRR734/009/SRR7343739/SRR7343739_1.fastq.gz,https://ftp.sra.ebi.ac.uk/vol1/fastq/SRR734/009/SRR7343739/SRR7343739_2.fastq.gz
SRR7343740,WT,https://ftp.sra.ebi.ac.uk/vol1/fastq/SRR734/000/SRR7343740/SRR7343740_1.fastq.gz,https://ftp.sra.ebi.ac.uk/vol1/fastq/SRR734/000/SRR7343740/SRR7343740_2.fastq.gz
SRR7343741,LateOnsetAD,https://ftp.sra.ebi.ac.uk/vol1/fastq/SRR734/001/SRR7343741/SRR7343741_1.fastq.gz,https://ftp.sra.ebi.ac.uk/vol1/fastq/SRR734/001/SRR7343741/SRR7343741_2.fastq.gz
SRR7343742,WT,https://ftp.sra.ebi.ac.uk/vol1/fastq/SRR734/002/SRR7343742/SRR7343742_1.fastq.gz,https://ftp.sra.ebi.ac.uk/vol1/fastq/SRR734/002/SRR7343742/SRR7343742_2.fastq.gz
